{
  "suggestions": [
    {
      "suggestion": "Fender Standard Stratocaster",
      "url": "#"
    },
    {
      "suggestion": "Fender American Deluxe Stratocaster",
      "url": "suggestion1.html",
      "attr" : [
        {
          "class" : "suggestion"
        }
      ]
    },
    {
      "suggestion": "Fender Telecaster",
      "url": "suggestion2.html"
    },
    {
      "suggestion": "Fender Jaguar",
      "url": "suggestion3.html"
    },
    {
      "suggestion": "Fender Jazzmaster",
      "url": "suggestion3.html"
    },
    {
      "suggestion": "Gibson Les Paul",
      "url": "suggestion4.html"
    },
    {
      "suggestion": "Gibson SG",
      "url": "suggestion5.html"
    }
  ]
}